{"assets/.gitkeep":["assets/.gitkeep"],"assets/icons/Eye.png":["assets/icons/Eye.png"],"assets/icons/cow_icon.png":["assets/icons/cow_icon.png"],"assets/icons/cow_icon_yellow.png":["assets/icons/cow_icon_yellow.png"],"assets/icons/milk_icon.png":["assets/icons/milk_icon.png"],"assets/icons/milk_icon_yellow.png":["assets/icons/milk_icon_yellow.png"],"assets/icons/pentool_icon.png":["assets/icons/pentool_icon.png"],"assets/icons/pentool_transparent_icon.png":["assets/icons/pentool_transparent_icon.png"],"assets/icons/stacks.png":["assets/icons/stacks.png"],"assets/icons/trash_icon.png":["assets/icons/trash_icon.png"],"assets/icons/trash_transparent_icon.png":["assets/icons/trash_transparent_icon.png"],"assets/images/.gitkeep":["assets/images/.gitkeep"],"assets/images/logo.png":["assets/images/logo.png"],"assets/images/logo_transparent.png":["assets/images/logo_transparent.png"],"packages/cupertino_icons/assets/CupertinoIcons.ttf":["packages/cupertino_icons/assets/CupertinoIcons.ttf"],"packages/window_manager/images/ic_chrome_close.png":["packages/window_manager/images/ic_chrome_close.png"],"packages/window_manager/images/ic_chrome_maximize.png":["packages/window_manager/images/ic_chrome_maximize.png"],"packages/window_manager/images/ic_chrome_minimize.png":["packages/window_manager/images/ic_chrome_minimize.png"],"packages/window_manager/images/ic_chrome_unmaximize.png":["packages/window_manager/images/ic_chrome_unmaximize.png"]}